source_id,source_type,title,publisher_or_origin,publication_date,url,excerpt,reliability,visibility
S001,event_rsvp,Northstar Berlin Manufacturing Forum RSVP,Fictional Event System,2026-07-12,internal://fictional/events/rsvp/S001,Northstar confirmed Priya Kapoor and Tomasz Reed as member guests for the Berlin Manufacturing Forum,high,internal
S002,public_press,Northstar Opens Osaka Service Hub,Fictional Industrial Ledger,2026-07-08,https://fictional-source.example/northstar-osaka-service-hub,Northstar Holdings announced a small Osaka service hub for industrial customers in Japan,high,public
S003,internal_crm_note,Northstar Operating Priorities Call,Fictional CRM,2026-06-24,internal://fictional/crm/S003,Alex Chen asked for European manufacturing contacts and automation supplier introductions,high,internal
S004,meeting_note,Northstar Governance Planning Note,Fictional Meeting Notes,2026-05-30,internal://fictional/meetings/S004,Northstar family office discussed a possible external chair for one portfolio board; not for external sharing,medium,restricted
S005,meeting_note,Hansei Ownership Transition Discussion,Fictional CRM,2026-07-14,internal://fictional/crm/S005,Hansei Textiles described a staged handover of operating authority from second to third generation,high,internal
S006,company_website,Aruna Foods Family Council Update,Aruna Foods Fictional Website,2026-06-28,https://fictional-source.example/aruna-family-council-2026,Aruna Foods said the next generation will join a new ownership committee in 2026,high,public
S007,internal_crm_note,Pacific Alloy Old Succession Note,Fictional CRM,2025-11-02,internal://fictional/crm/S007,Pacific Alloy Works discussed succession planning in late 2025; no recent update is available,medium,internal
S008,event_rsvp,Meridian Berlin Dinner RSVP,Fictional Event System,2026-07-22,internal://fictional/events/rsvp/S008,Leona Vettori was confirmed for the Berlin Family Enterprise Dinner,high,internal
S009,event_rsvp,Meridian Second Berlin Dinner RSVP,Fictional Event System,2026-07-25,internal://fictional/events/rsvp/S009,Meridian Foods also confirmed Matteo Vettori for the Berlin Family Enterprise Dinner after Leona's earlier RSVP,high,internal
S010,public_press,Miyako Nutrition Appoints External COO,Fictional Food Business Daily,2026-07-04,https://fictional-source.example/miyako-external-coo,Miyako Nutrition appointed an external COO; the notice does not mention ownership transition,high,public
S011,public_press,Valen Group Invests In Modular Cooling Supplier,Fictional Infrastructure Wire,2026-07-02,https://fictional-source.example/valen-modular-cooling-investment,Valen Group announced a minority investment in a modular cooling supplier serving data center facilities,high,public
S012,internal_crm_note,Elmbach Exploratory Automation Call,Fictional CRM,2026-07-01,internal://fictional/crm/S012,Elmbach Robotics discussed exploratory automation opportunities with data center facilities suppliers; no investment confirmed,medium,internal
S013,public_press,LumenGrid Launches Digital Infrastructure Fund,Fictional Capital Markets Review,2026-06-12,https://fictional-source.example/lumengrid-digital-infrastructure-fund,LumenGrid Capital launched a digital infrastructure fund with data center exposure,high,public
S014,research_note,TannenWerk Supplier Comment,Fictional Research Notes,2026-07-12,internal://fictional/research/S014,Unverified supplier comment suggested TannenWerk may look at modular data center components,low,internal
S015,event_rsvp,Cardso Tokyo Manufacturing Visit Host RSVP,Fictional Event System,2026-06-30,internal://fictional/events/rsvp/S015,Cardso Precision registered as host member for the Tokyo Precision Manufacturing Visit,high,internal
S017,restricted_note,Daniel Weber Governance Options Note,Fictional Restricted Notes,2026-07-15,internal://fictional/restricted/S017,Daniel Weber has been asked to prepare governance options for a possible CEO succession process; timing unconfirmed,medium,restricted
S019,public_press,Brindle Packaging Announces Fiber Pilot,Fictional Packaging Review,2026-06-27,https://fictional-source.example/brindle-fiber-packaging-pilot,Brindle Packaging announced a renewable fiber packaging pilot for chilled-food customers,high,public
S020,internal_crm_note,Northstar Packaging Supplier Discussion,Fictional CRM,2026-07-03,internal://fictional/crm/S020,Northstar discussed suppliers for logistics packaging and referenced Brindle Packaging as an external example,medium,internal
S021,meeting_note,Valen Data Infrastructure Briefing Request,Fictional Meeting Notes,2026-07-09,internal://fictional/meetings/S021,Gregor Valen asked for a briefing on data center cooling markets after Valen's investment announcement,high,internal
S022,internal_crm_note,Veyra Mobility Supplier Update,Fictional CRM,2026-05-18,internal://fictional/crm/S022,Veyra Mobility discussed supplier diversification for industrial vehicles with no data center activity mentioned,high,internal
S023,internal_crm_note,Caelum Ceramics Market Note,Fictional CRM,2026-07-06,internal://fictional/crm/S023,Celia Varin discussed European demand for advanced ceramic components in factory automation and medical equipment,high,internal
S024,event_rsvp,Valen Berlin Manufacturing Forum RSVP,Fictional Event System,2026-07-09,internal://fictional/events/rsvp/S024,Elise Valen confirmed as member guest for the Berlin Manufacturing Forum,high,internal
S025,event_rsvp,Elmbach Berlin Manufacturing Forum RSVP,Fictional Event System,2026-07-10,internal://fictional/events/rsvp/S025,Timo Elmbach confirmed as member guest for the Berlin Manufacturing Forum,high,internal
S026,event_rsvp,Veyra Berlin Manufacturing Forum RSVP,Fictional Event System,2026-07-11,internal://fictional/events/rsvp/S026,Nora Veyra confirmed as member guest for the Berlin Manufacturing Forum,high,internal
S027,event_rsvp,Cardso Berlin Manufacturing Forum RSVP,Fictional Event System,2026-07-08,internal://fictional/events/rsvp/S027,Mika Sato confirmed as member guest for the Berlin Manufacturing Forum,high,internal
S028,event_rsvp,Internal Staff Berlin RSVP,Fictional Event System,2026-07-07,internal://fictional/events/rsvp/S028,Amira Holt confirmed as internal program lead for Berlin events,high,internal
S029,event_rsvp,External Speaker Berlin RSVP,Fictional Event System,2026-07-06,internal://fictional/events/rsvp/S029,Julian Cato confirmed as external speaker for the Berlin Manufacturing Forum,high,internal
S030,event_rsvp,Hansei Berlin Forum Waitlist,Fictional Event System,2026-07-13,internal://fictional/events/rsvp/S030,Soo-jin Park is waitlisted for the Berlin Manufacturing Forum,high,internal
S031,event_rsvp,Brindle Berlin Forum Decline,Fictional Event System,2026-07-14,internal://fictional/events/rsvp/S031,Jonas Brindle declined the Berlin Manufacturing Forum invitation,high,internal
S032,event_rsvp,Valen Berlin Dinner RSVP,Fictional Event System,2026-07-18,internal://fictional/events/rsvp/S032,Elise Valen confirmed for the Berlin Family Enterprise Dinner,high,internal
S033,event_rsvp,Hansei Asia Roundtable RSVP,Fictional Event System,2026-07-15,internal://fictional/events/rsvp/S033,Soo-jin Park confirmed for the Asia Ownership Transition Roundtable,high,internal
S034,event_rsvp,Aruna Asia Roundtable RSVP,Fictional Event System,2026-07-16,internal://fictional/events/rsvp/S034,Anika Rao confirmed for the Asia Ownership Transition Roundtable,high,internal
S035,event_rsvp,Cardso Asia Roundtable Observer RSVP,Fictional Event System,2026-07-17,internal://fictional/events/rsvp/S035,Mika Sato confirmed as observer for the Asia Ownership Transition Roundtable in Singapore,high,internal
S036,event_rsvp,Singapore Member Dinner Host Note,Fictional Event System,2026-07-19,internal://fictional/events/rsvp/S036,Arun Mallick is host and Mei Tan is local event contact for the Singapore Member Dinner,high,internal
S037,event_rsvp,Northstar Singapore Member Dinner Invite,Fictional Event System,2026-07-20,internal://fictional/events/rsvp/S037,Priya Kapoor was invited to the Singapore Member Dinner but has not confirmed,high,internal
S038,event_rsvp,Singapore Planning Dinner Contact Note,Fictional Event System,2026-07-20,internal://fictional/events/rsvp/S038,Mei Tan is logistics contact for the separate Singapore Planning Dinner,high,internal
S039,event_rsvp,Valen Munich Data Briefing RSVP,Fictional Event System,2026-07-23,internal://fictional/events/rsvp/S039,Elise Valen confirmed for the Munich Data Infrastructure Briefing,high,internal
S040,event_rsvp,Elmbach Munich Data Briefing RSVP,Fictional Event System,2026-07-23,internal://fictional/events/rsvp/S040,Timo Elmbach confirmed for the Munich Data Infrastructure Briefing,high,internal
S041,internal_crm_note,Priya Kapoor Profile Update,Fictional CRM,2026-07-20,internal://fictional/crm/S041,Priya Kapoor is Managing Director and family executive at Northstar; phone is not shareable under contact policy,high,internal
S047,internal_crm_note,Cardso Elmbach Manufacturing Peer Note,Fictional CRM,2026-07-01,internal://fictional/crm/S047,Mika Sato and Timo Elmbach exchanged notes after a precision manufacturing visit,high,internal
